﻿{
   "CodeGenerationMode": 4,
   "ContextClassName": "WebGiayAPIContext",
   "ContextNamespace": null,
   "FilterSchemas": false,
   "IncludeConnectionString": false,
   "ModelNamespace": null,
   "OutputContextPath": null,
   "OutputPath": "Models",
   "PreserveCasingWithRegex": true,
   "ProjectRootNamespace": "WebGiayAPI",
   "Schemas": null,
   "SelectedHandlebarsLanguage": 2,
   "SelectedToBeGenerated": 0,
   "T4TemplatePath": null,
   "Tables": [
      {
         "Name": "[dbo].[Cart]",
         "ObjectType": 0
      },
      {
         "Name": "[dbo].[CartItems]",
         "ObjectType": 0
      },
      {
         "Name": "[dbo].[Categories]",
         "ObjectType": 0
      },
      {
         "Name": "[dbo].[ProductImages]",
         "ObjectType": 0
      },
      {
         "Name": "[dbo].[Products]",
         "ObjectType": 0
      },
      {
         "Name": "[dbo].[ProductSizes]",
         "ObjectType": 0
      },
      {
         "Name": "[dbo].[Users]",
         "ObjectType": 0
      }
   ],
   "UiHint": null,
   "UncountableWords": null,
   "UseAsyncStoredProcedureCalls": true,
   "UseBoolPropertiesWithoutDefaultSql": false,
   "UseDatabaseNames": false,
   "UseDateOnlyTimeOnly": true,
   "UseDbContextSplitting": false,
   "UseDecimalDataAnnotationForSprocResult": true,
   "UseFluentApiOnly": true,
   "UseHandleBars": false,
   "UseHierarchyId": false,
   "UseInflector": true,
   "UseLegacyPluralizer": false,
   "UseManyToManyEntity": false,
   "UseNoDefaultConstructor": false,
   "UseNoNavigations": false,
   "UseNoObjectFilter": false,
   "UseNodaTime": false,
   "UseNullableReferences": false,
   "UsePrefixNavigationNaming": false,
   "UseSchemaFolders": false,
   "UseSchemaNamespaces": false,
   "UseSpatial": false,
   "UseT4": false
}